transaction_id,user_id,split,is_fraud,action_label,amount_php,user_avg_amount_php,spike_ratio,balance_drain_ratio,cum_outflow_1h,cum_outflow_24h,payees_24h,new_payee,payee_age_days,senders_to_payee_24h,transfer_purpose,payee_type,hour,dow,usual_hour_gap,dormant_days,channel,memo,memo_present,memo_signal,typology_novel,device_id_new,device_age_days,accounts_per_device,rooted,hooking,emulator,debugger,tampered,unofficial_store,dev_options,mock_location,accessibility_active,screen_sharing,attestation_verdict,os_patch_age_days,login_method,seconds_since_login,failed_logins_1h,credential_change_hours_ago,payee_pasted,form_seconds,gps_accuracy_m,tz_mismatch,ip_gps_mismatch,is_vpn,distance_from_home_km,distance_from_prev_km,elapsed_minutes,velocity_kmh,is_gate0_trivial
TX-V-000601,usr-V-0030,V,False,ALLOW,1289.02,1868.15,0.69,0.12,1289.02,1765.25,2,True,0,1,Bills Payment,registered_biller,12,5,4,6,mobile_android,,False,none,False,False,853,1,False,False,False,False,False,False,False,False,False,False,MEETS_STRONG,36,pin,158,0,1602,False,36,24.1,False,False,False,1.81,1.81,153.6,0.71,False
TX-V-000602,usr-V-0014,V,False,ALLOW,13749.68,7856.96,1.75,0.12,13749.68,18981.87,1,False,543,1,Funds Transfer,third_party_individual,17,5,5,1,mobile_ios,,False,none,False,False,422,1,False,False,False,False,False,False,False,False,False,False,MISSING,60,biometric,90,0,720,False,25,10.0,False,False,False,2.06,2.06,81.0,1.53,False
TX-V-000603,usr-V-0056,V,False,ALLOW,72.31,1446.18,0.05,0.16,72.31,93.18,1,True,2,1,Funds Transfer,business,14,0,5,4,mobile_ios,,False,none,False,False,316,1,False,False,False,False,False,False,True,False,False,False,MEETS_STRONG,78,biometric,495,0,1586,False,26,9.3,False,False,False,1.06,1.06,193.8,0.33,False
TX-V-000604,usr-V-0029,V,False,ALLOW,7616.13,1208.91,6.3,0.13,7616.13,11005.67,1,False,310,1,Funds Transfer,registered_biller,20,3,4,4,mobile_android,,False,none,False,False,267,1,False,False,False,False,False,False,False,False,False,False,MISSING,60,biometric,90,0,720,False,25,10.0,False,False,False,1.27,1.27,245.6,0.31,False
TX-V-000605,usr-V-0045,V,False,ALLOW,341.1,2623.83,0.13,0.25,341.1,1153.02,1,False,52,1,Funds Transfer,third_party_individual,17,4,1,6,mobile_ios,,False,none,False,False,147,1,False,False,False,False,False,False,False,False,False,False,MEETS_STRONG,172,pin,561,0,1310,False,28,15.3,False,False,False,2.09,2.09,245.3,0.51,False
TX-V-000606,usr-V-0058,V,False,ALLOW,1864.24,2142.8,0.87,0.38,1864.24,4143.06,2,False,242,1,Savings,own_account,10,4,4,14,mobile_ios,,False,none,False,True,4,1,False,False,False,False,False,False,True,False,False,False,MEETS_STRONG,16,biometric,125,0,648,False,17,23.9,False,False,False,0.84,0.84,142.6,0.35,False
TX-V-000607,usr-V-0043,V,True,REQUIRE_2FA,14223.15,2810.9,5.06,0.94,20805.75,42865.23,3,True,0,1,Bills Payment,registered_biller,23,1,6,14,mobile_android,App testin commission guarantee deposit payment,True,scam,False,False,404,5,False,False,False,False,False,False,False,False,False,False,MEETS_STRONG,290,biometric,60,0,1969,True,10,19.4,False,False,False,1.87,1.87,249.5,0.45,False
TX-V-000608,usr-V-0025,V,True,REQUIRE_2FA,1705.0,500.0,3.41,0.35,2493.89,4377.47,6,True,0,1,Savings,own_account,14,0,5,5,mobile_ios,,False,none,False,False,59,1,True,False,False,False,False,False,True,False,True,False,MEETS_BASIC,369,pin,30,0,19,True,10,5.3,False,True,True,0.91,0.91,108.4,0.5,False
TX-V-000609,usr-V-0015,V,False,ALLOW,473.12,1006.63,0.47,0.33,473.12,1085.1,2,True,3,1,Savings,own_account,23,4,2,2,mobile_ios,mrecury drug maintenance pills for lola - Ref #97975,True,legit,False,False,752,1,False,False,False,False,False,False,True,False,False,False,MEETS_DEVICE,24,biometric,364,0,968,True,16,21.9,False,False,False,1.26,1.26,290.9,0.26,False
TX-V-000610,usr-V-0009,V,False,ALLOW,318.58,816.86,0.39,0.43,318.58,870.3,1,False,67,1,Savings,own_account,15,1,0,3,mobile_android,maynilad water services residential account,True,legit,False,False,838,1,False,False,False,False,False,False,False,False,False,False,MEETS_STRONG,117,biometric,171,0,358,False,45,15.9,False,False,False,2.46,2.46,38.3,3.85,False
TX-V-000611,usr-V-0046,V,False,ALLOW,292.95,2929.49,0.1,0.1,292.95,527.94,1,False,259,1,Savings,own_account,16,1,4,5,mobile_android,,False,none,False,False,722,1,False,False,False,False,False,False,False,False,False,False,MEETS_STRONG,48,pin,441,0,1748,False,18,8.5,False,False,False,1.21,1.21,187.4,0.39,False
TX-V-000612,usr-V-0056,V,False,ALLOW,549.55,1446.18,0.38,0.1,549.55,1436.67,1,False,547,1,Remittance,third_party_individual,23,5,14,6,mobile_ios,,False,none,False,False,316,1,False,False,False,False,False,False,False,False,False,False,MEETS_STRONG,95,biometric,386,0,1316,False,15,20.4,False,False,False,1.68,1.68,152.2,0.66,False
TX-V-000613,usr-V-0011,V,False,ALLOW,10272.25,9690.8,1.06,0.35,10272.25,12700.26,1,False,256,1,Savings,own_account,5,0,14,6,mobile_android,,False,none,False,False,623,1,False,False,False,False,False,False,True,False,False,False,MEETS_STRONG,135,biometric,262,0,1577,False,24,17.0,False,False,False,0.35,0.35,232.6,0.09,False
TX-V-000614,usr-V-0053,V,False,ALLOW,4115.48,3141.59,1.31,0.14,4115.48,5746.36,1,False,415,1,Savings,own_account,0,1,17,11,mobile_ios,,False,none,False,False,270,1,False,False,False,False,False,False,False,False,False,False,MEETS_DEVICE,102,biometric,285,0,165,False,44,19.0,False,False,False,1.84,1.84,196.7,0.56,False
TX-V-000615,usr-V-0059,V,False,ALLOW,365.13,1043.22,0.35,0.06,365.13,1183.88,1,False,222,1,Funds Transfer,registered_biller,20,3,4,3,mobile_ios,Watsonss skincare and hygiene supplies - Ref #16050,True,legit,False,False,155,1,False,False,False,False,False,False,False,True,False,False,MEETS_STRONG,27,biometric,194,0,1103,False,39,81.0,False,False,False,1.92,1.92,193.0,0.6,False
TX-V-000616,usr-V-0045,V,False,ALLOW,1311.91,2623.83,0.5,0.07,1311.91,2869.58,1,False,28,1,Bills Payment,registered_biller,13,0,3,7,mobile_android,,False,none,False,False,147,1,False,False,False,False,False,False,True,False,False,False,MEETS_DEVICE,62,pin,147,0,990,False,21,22.0,False,False,False,2.35,2.35,133.4,1.06,False
TX-V-000617,usr-V-0054,V,False,ALLOW,5123.22,6404.03,0.8,0.2,5123.22,12724.79,1,False,269,1,Bills Payment,registered_biller,0,2,20,5,mobile_ios,,False,none,False,False,790,1,False,False,False,False,False,False,False,True,False,False,MEETS_STRONG,177,biometric,531,0,933,False,38,86.4,False,False,False,2.72,2.72,42.3,3.86,False
TX-V-000618,usr-V-0002,V,False,ALLOW,5061.36,2908.83,1.74,0.21,5061.36,12745.69,1,True,1,1,Funds Transfer,own_account,5,5,11,5,mobile_ios,,False,none,False,False,745,1,False,False,False,False,False,False,False,False,False,False,MEETS_STRONG,79,pin,88,0,1532,False,31,14.9,False,False,False,2.22,2.22,207.8,0.64,False
TX-V-000619,usr-V-0007,V,True,BLOCK,39732.44,2825.92,14.06,0.93,55964.56,108262.6,7,True,1,1,Bills Payment,registered_biller,12,0,0,7,mobile_ios,,False,none,False,False,513,1,True,False,False,False,False,True,True,False,False,False,MEETS_BASIC,338,password,16,0,853,False,8,24.2,False,False,False,10846.31,10846.31,21.9,29715.92,True
TX-V-000620,usr-V-0051,V,False,ALLOW,575.25,756.91,0.76,0.17,575.25,1346.45,1,False,124,1,Bills Payment,registered_biller,14,4,6,12,mobile_android,music lessons piano teacher monthly fee - Ref #75709,True,legit,False,False,505,1,False,False,False,False,False,False,False,False,False,False,MISSING,60,biometric,90,0,720,False,25,10.0,False,False,False,0.84,0.84,55.7,0.9,False
TX-V-000621,usr-V-0055,V,False,ALLOW,1334.79,1362.03,0.98,0.24,1334.79,4513.95,1,True,2,1,Bills Payment,registered_biller,5,0,14,12,mobile_android,,False,none,False,False,454,1,False,False,False,False,False,False,False,False,False,False,MEETS_STRONG,168,pin,262,0,114,False,43,10.6,False,False,False,1.5,1.5,223.2,0.4,False
TX-V-000622,usr-V-0031,V,False,ALLOW,7922.07,5078.25,1.56,0.3,7922.07,18007.24,1,False,418,1,Funds Transfer,registered_biller,6,4,8,10,mobile_ios,,False,none,False,False,482,1,False,False,False,False,False,False,False,False,False,False,MEETS_STRONG,76,biometric,508,0,910,False,15,19.2,False,False,False,3.08,3.08,82.6,2.24,False
TX-V-000623,usr-V-0040,V,False,ALLOW,2377.67,1398.63,1.7,0.33,2377.67,4478.42,1,False,273,1,Remittance,business,3,6,6,0,mobile_ios,,False,none,False,False,691,1,False,False,False,False,False,False,False,False,False,False,MEETS_STRONG,17,pin,295,0,610,False,44,9.2,False,False,False,0.93,0.93,217.5,0.26,False
TX-V-000624,usr-V-0052,V,False,ALLOW,2160.49,1521.47,1.42,0.48,2160.49,4400.73,2,False,243,1,Savings,own_account,10,3,1,10,mobile_android,,False,none,False,False,76,1,False,False,False,False,False,False,True,False,False,False,MEETS_DEVICE,129,biometric,126,0,1902,False,24,11.3,False,False,False,765.08,765.08,304.2,150.9,False
TX-V-000625,usr-V-0013,V,False,ALLOW,2335.11,1796.24,1.3,0.17,2335.11,2875.46,2,False,363,1,Bills Payment,registered_biller,17,2,3,10,mobile_android,,False,none,False,False,496,1,False,False,False,False,False,False,False,False,False,False,MEETS_STRONG,169,biometric,189,0,637,False,15,8.8,False,False,False,1.13,1.13,36.3,1.87,False
TX-V-000626,usr-V-0057,V,False,ALLOW,1925.0,500.0,3.85,0.18,1925.0,3939.96,1,False,57,1,Bills Payment,registered_biller,1,0,13,6,mobile_android,,False,none,False,False,271,1,False,False,False,False,False,False,False,False,False,False,MEETS_STRONG,179,pin,125,0,1400,True,12,21.9,False,False,False,0.5,0.5,273.2,0.11,False
TX-V-000627,usr-V-0035,V,False,ALLOW,2253.37,1877.81,1.2,0.32,2253.37,4594.08,1,False,376,1,Bills Payment,registered_biller,21,0,8,14,mobile_ios,,False,none,False,False,435,1,False,False,False,False,False,False,True,False,False,False,MEETS_STRONG,65,biometric,170,0,1099,False,24,16.5,False,False,False,1.77,1.77,25.1,4.23,False
TX-V-000628,usr-V-0053,V,False,ALLOW,3267.25,3141.59,1.04,0.36,3267.25,11308.01,2,False,449,1,Funds Transfer,registered_biller,21,1,4,2,mobile_android,college laboratory fee and textbook package,True,legit,False,False,270,1,False,False,False,False,False,False,False,False,False,False,MEETS_DEVICE,54,biometric,87,0,524,False,25,10.1,False,False,False,0.47,0.47,269.8,0.1,False
TX-V-000629,usr-V-0053,V,False,ALLOW,4209.73,3141.59,1.34,0.43,4209.73,5754.31,1,False,401,1,Bills Payment,registered_biller,3,0,14,13,mobile_ios,,False,none,False,False,270,1,False,False,False,False,False,False,False,False,False,False,MEETS_STRONG,23,biometric,322,0,1370,False,43,19.7,False,False,False,1.48,1.48,171.0,0.52,False
TX-V-000630,usr-V-0010,V,False,ALLOW,11063.02,9142.99,1.21,0.42,11063.02,32290.39,1,True,1,1,Savings,own_account,18,4,9,0,mobile_ios,,False,none,False,False,870,1,False,False,False,False,False,False,False,False,False,False,MEETS_STRONG,77,biometric,189,0,1522,False,33,8.5,False,True,True,0.26,0.26,86.4,0.18,False
TX-V-000631,usr-V-0017,V,False,ALLOW,12290.73,4083.3,3.01,0.35,12290.73,31879.58,1,False,484,1,Funds Transfer,business,2,1,16,14,mobile_ios,,False,none,False,False,544,1,True,False,False,False,False,False,True,False,False,False,MEETS_BASIC,174,biometric,293,0,344,False,12,11.8,False,False,False,1.89,1.89,135.9,0.83,False
TX-V-000632,usr-V-0026,V,False,ALLOW,164.31,2347.31,0.07,0.11,164.31,457.92,2,False,327,1,Savings,own_account,18,6,3,5,mobile_android,,False,none,False,False,413,1,False,False,False,False,False,False,False,False,False,False,MEETS_STRONG,14,biometric,117,0,1363,False,28,16.1,False,False,False,2.39,2.39,149.3,0.96,False
TX-V-000633,usr-V-0044,V,False,ALLOW,1619.56,1025.04,1.58,0.06,1619.56,2578.77,1,False,71,1,Savings,own_account,9,0,7,4,mobile_android,,False,none,False,True,4,1,False,False,False,False,False,False,False,False,False,False,MEETS_STRONG,10,biometric,510,0,204,False,43,16.1,False,False,False,2.36,2.36,28.7,4.93,False
TX-V-000634,usr-V-0031,V,False,ALLOW,7007.98,5078.25,1.38,0.32,7007.98,19746.09,1,True,0,1,Bills Payment,registered_biller,19,3,5,5,mobile_ios,manila water monthly bill settlement,True,legit,False,False,482,1,False,False,False,False,False,False,False,False,False,False,MEETS_STRONG,52,biometric,184,0,885,False,28,18.4,False,False,False,1.06,1.06,47.2,1.35,False
TX-V-000635,usr-V-0058,V,True,REQUIRE_2FA,3385.62,2142.8,1.58,0.81,4422.65,7644.42,5,False,419,1,Savings,own_account,12,4,2,126,mobile_android,,False,none,False,False,690,2,False,False,False,False,False,False,False,False,False,False,MEETS_STRONG,288,pin,37,0,192,True,10,10.1,False,False,False,0.44,0.44,67.1,0.39,False
TX-V-000636,usr-V-0010,V,False,ALLOW,12251.61,9142.99,1.34,0.06,12251.61,40101.15,1,False,545,1,Remittance,third_party_individual,17,2,8,6,mobile_ios,,False,none,False,False,870,1,False,False,False,False,False,False,False,False,False,False,MEETS_STRONG,60,pin,311,0,1519,False,12,22.6,False,False,False,1170.37,1170.37,290.2,241.98,False
TX-V-000637,usr-V-0032,V,False,ALLOW,236.49,844.62,0.28,0.17,236.49,464.31,1,True,3,1,Funds Transfer,registered_biller,2,6,14,12,mobile_ios,,False,none,False,False,286,1,False,False,False,False,False,False,False,False,False,False,MEETS_STRONG,131,biometric,112,0,637,False,41,8.7,False,False,False,2.25,2.25,243.2,0.56,False
TX-V-000638,usr-V-0028,V,False,ALLOW,1564.9,920.53,1.7,0.22,1564.9,5187.35,1,False,569,1,Savings,own_account,15,2,3,4,mobile_ios,pambili ng bigas at ulam sa palengke,True,legit,False,False,421,1,False,False,False,False,False,False,False,False,False,False,MEETS_STRONG,10,pin,366,0,1333,False,41,11.7,False,False,False,2.2,2.2,86.6,1.52,False
TX-V-000639,usr-V-0051,V,False,ALLOW,840.17,756.91,1.11,0.22,840.17,2531.55,1,True,0,1,Remittance,business,17,6,3,6,mobile_android,Python machine learning book and online coourse access,True,legit,False,False,505,1,False,False,False,False,False,False,False,False,False,False,MEETS_DEVICE,18,biometric,163,0,1020,False,31,9.8,False,False,False,2.48,2.48,65.2,2.28,False
TX-V-000640,usr-V-0030,V,False,ALLOW,1251.66,1868.15,0.67,0.1,1251.66,1682.28,2,True,0,1,Bills Payment,registered_biller,17,5,1,0,mobile_ios,,False,none,False,False,853,1,False,False,False,False,False,False,False,False,False,False,MEETS_STRONG,69,biometric,473,0,767,False,30,6.6,False,False,False,2.15,2.15,209.0,0.62,False
TX-V-000641,usr-V-0011,V,False,ALLOW,9400.08,9690.8,0.97,0.27,9400.08,20637.12,1,False,294,1,Savings,own_account,18,5,1,9,mobile_ios,,False,none,False,False,623,1,False,False,False,False,False,False,True,False,False,False,MEETS_STRONG,148,pin,501,0,286,False,22,9.2,False,False,False,2.68,2.68,284.2,0.57,False
TX-V-000642,usr-V-0009,V,False,ALLOW,1372.32,816.86,1.68,0.38,1372.32,3367.43,1,False,361,1,Bills Payment,registered_biller,15,1,0,8,mobile_ios,,False,none,False,False,838,1,False,False,False,False,False,False,False,False,False,False,MEETS_STRONG,147,biometric,257,0,644,False,34,21.3,False,False,False,2.21,2.21,120.0,1.1,False
TX-V-000643,usr-V-0012,V,True,REQUIRE_2FA,11648.69,2114.1,5.51,0.85,14286.63,38315.72,2,True,2,20,Savings,own_account,6,0,8,12,mobile_ios,,False,none,False,True,2,5,False,False,False,False,False,False,False,False,False,False,MEETS_DEVICE,446,biometric,51,0,1285,True,10,18.0,False,True,False,0.27,0.27,258.3,0.06,False
TX-V-000644,usr-V-0027,V,False,ALLOW,1939.33,1243.16,1.56,0.21,1939.33,5203.85,1,False,366,1,Savings,own_account,19,0,2,4,mobile_ios,,False,none,False,False,728,1,False,False,False,False,False,False,False,False,False,False,MEETS_STRONG,146,biometric,478,0,159,True,39,22.8,False,False,False,1.96,1.96,181.1,0.65,False
TX-V-000645,usr-V-0011,V,False,ALLOW,1065.99,9690.8,0.11,0.21,1065.99,2838.96,1,False,102,1,Bills Payment,registered_biller,22,0,3,3,mobile_android,,False,none,False,False,623,1,True,False,False,False,False,False,True,False,False,False,MEETS_BASIC,23,biometric,591,0,1687,False,14,15.8,False,False,False,762.42,762.42,264.8,172.75,False
TX-V-000646,usr-V-0021,V,False,ALLOW,287.76,3197.29,0.09,0.32,287.76,643.05,1,False,87,1,Remittance,business,11,4,6,6,mobile_ios,House Helpper Monthly Salary And Allowance,True,legit,False,False,720,1,False,False,False,False,False,False,False,False,False,False,MEETS_DEVICE,171,biometric,167,0,1253,False,17,13.9,False,False,False,1.77,1.77,254.4,0.42,False
TX-V-000647,usr-V-0024,V,False,ALLOW,6863.3,4085.3,1.68,0.47,6863.3,22351.75,1,False,527,1,Bills Payment,registered_biller,2,3,19,10,mobile_ios,,False,none,False,False,130,1,False,False,False,False,False,False,False,False,False,False,MEETS_DEVICE,131,pin,424,0,1666,False,28,14.3,False,False,False,208.88,208.88,276.0,45.41,False
TX-V-000648,usr-V-0024,V,False,ALLOW,1920.09,4085.3,0.47,0.36,1920.09,2708.46,1,False,307,1,Funds Transfer,registered_biller,18,1,3,12,mobile_ios,,False,none,False,False,130,1,False,False,False,False,False,False,False,False,False,False,MEETS_STRONG,91,pin,92,0,1548,True,42,17.2,False,False,False,2.4,2.4,82.5,1.75,False
TX-V-000649,usr-V-0001,V,False,ALLOW,11309.31,6938.23,1.63,0.05,11309.31,38712.14,1,False,253,1,Remittance,business,15,0,2,3,mobile_android,,False,none,False,False,238,1,False,False,False,False,False,False,False,False,False,False,MEETS_STRONG,168,biometric,238,0,1129,True,26,5.8,False,False,False,1.62,1.62,61.4,1.58,False
TX-V-000650,usr-V-0036,V,False,ALLOW,5280.35,5443.66,0.97,0.04,5280.35,10949.58,1,False,176,1,Bills Payment,registered_biller,3,6,6,9,mobile_android,,False,none,False,False,792,1,False,False,False,False,False,False,False,False,False,False,MEETS_STRONG,170,biometric,530,0,210,False,16,23.2,False,False,False,2.0,2.0,171.1,0.7,False
TX-V-000651,usr-V-0057,V,False,ALLOW,690.0,500.0,1.38,0.15,690.0,1337.52,2,True,1,1,Bills Payment,registered_biller,0,6,14,14,mobile_android,south star drug vitamins and prescription medicines,True,legit,False,False,271,1,False,False,False,False,False,False,False,False,False,False,MEETS_STRONG,49,biometric,500,0,411,True,36,20.1,False,False,False,1.55,1.55,203.7,0.46,False
TX-V-000652,usr-V-0004,V,False,ALLOW,9521.09,5913.72,1.61,0.38,9521.09,32810.38,2,False,403,1,Bills Payment,registered_biller,1,3,9,6,mobile_ios,Music lessons piano teacher monthly fee - Ref #33482,True,legit,False,False,447,1,False,False,False,False,False,False,False,False,False,False,MISSING,60,biometric,90,0,720,False,25,10.0,False,False,False,0.64,0.64,185.2,0.21,False
TX-V-000653,usr-V-0030,V,False,ALLOW,1700.02,1868.15,0.91,0.37,1700.02,3284.5,2,False,522,1,Funds Transfer,own_account,20,0,4,8,mobile_ios,,False,none,False,False,853,1,False,False,False,False,False,False,False,False,False,False,MEETS_STRONG,176,biometric,279,0,1058,False,12,21.8,False,False,False,2.21,2.21,107.6,1.23,False
TX-V-000654,usr-V-0044,V,False,ALLOW,1742.57,1025.04,1.7,0.37,1742.57,3518.18,2,True,0,1,Savings,own_account,0,1,16,14,mobile_ios,,False,none,False,False,874,1,False,False,False,False,False,False,False,False,False,False,MEETS_STRONG,14,biometric,294,0,1523,True,28,13.8,False,False,False,1.79,1.79,92.9,1.16,False
TX-V-000655,usr-V-0046,V,False,ALLOW,2167.82,2929.49,0.74,0.25,2167.82,3041.83,1,False,483,1,Remittance,business,5,4,15,7,mobile_ios,,False,none,False,False,722,1,False,False,False,False,False,False,True,False,False,False,MEETS_DEVICE,107,biometric,104,0,948,False,19,7.0,False,False,False,2.46,2.46,121.9,1.21,False
TX-V-000656,usr-V-0026,V,False,ALLOW,211.26,2347.31,0.09,0.17,211.26,418.61,1,False,374,1,Remittance,third_party_individual,23,3,8,8,mobile_android,,False,none,False,False,413,1,False,False,False,False,False,False,False,False,False,False,MEETS_DEVICE,90,biometric,376,0,1835,False,38,20.8,False,False,False,1171.98,1171.98,250.3,280.94,False
TX-V-000657,usr-V-0009,V,False,ALLOW,1151.77,816.86,1.41,0.48,1151.77,3948.21,1,False,288,1,Bills Payment,registered_biller,22,0,7,10,mobile_ios,Robinsons Supermarket Fresh Fruits And Meat,True,legit,False,False,838,1,False,False,False,False,False,False,False,False,False,False,MEETS_DEVICE,76,biometric,117,0,932,False,35,5.7,False,False,False,1.9,1.9,240.4,0.47,False
TX-V-000658,usr-V-0013,V,False,ALLOW,3107.5,1796.24,1.73,0.41,3107.5,3971.48,1,True,3,1,Remittance,business,22,0,8,4,mobile_android,Salammat,True,neutral,False,False,496,1,False,False,False,False,False,False,False,False,False,False,MEETS_STRONG,121,biometric,516,0,802,True,12,24.3,False,False,False,2.34,2.34,298.9,0.47,False
TX-V-000659,usr-V-0045,V,False,ALLOW,2807.5,2623.83,1.07,0.12,2807.5,7722.21,2,False,579,1,Bills Payment,registered_biller,5,3,11,4,mobile_ios,Miscellaneous Payment,True,neutral,False,False,147,1,False,False,False,False,False,False,True,False,False,False,MEETS_STRONG,29,pin,275,0,183,False,31,16.2,False,False,False,2.09,2.09,193.3,0.65,False
TX-V-000660,usr-V-0057,V,False,ALLOW,500.0,500.0,1.0,0.32,500.0,1155.9,1,False,382,1,Savings,own_account,21,3,7,9,mobile_android,,False,none,False,False,271,1,False,False,False,False,False,False,False,False,False,False,MEETS_DEVICE,26,pin,509,0,176,False,45,20.8,False,False,False,2.72,2.72,154.0,1.06,False
TX-V-000661,usr-V-0027,V,False,ALLOW,721.03,1243.16,0.58,0.21,721.03,1287.42,1,True,0,1,Bills Payment,registered_biller,1,6,20,9,mobile_ios,,False,none,False,False,728,1,False,False,False,False,False,False,False,False,False,False,MEETS_STRONG,71,biometric,524,0,698,False,43,14.2,False,False,False,1.69,1.69,195.3,0.52,False
TX-V-000662,usr-V-0060,V,False,ALLOW,319.58,1597.9,0.2,0.33,319.58,950.13,2,False,182,1,Bills Payment,registered_biller,12,3,3,9,mobile_android,Funds transfer,True,neutral,False,False,641,1,False,False,False,False,False,False,False,False,False,False,MEETS_STRONG,88,biometric,572,0,373,False,12,21.6,False,False,False,2.2,2.2,252.1,0.52,False
TX-V-000663,usr-V-0034,V,False,ALLOW,2269.87,1656.84,1.37,0.21,2269.87,6449.31,1,False,245,1,Bills Payment,registered_biller,1,3,19,12,mobile_android,,False,none,False,False,332,1,False,False,False,False,False,False,False,False,False,False,MEETS_DEVICE,114,biometric,90,0,1845,False,30,18.5,False,False,False,1.06,1.06,53.0,1.2,False
TX-V-000664,usr-V-0018,V,True,BLOCK,18831.45,1779.91,10.58,0.75,19800.92,69209.21,4,True,2,5,Bills Payment,third_party_individual,10,6,0,68,mobile_android,,False,none,False,True,0,1,False,False,False,False,False,False,False,False,False,False,MEETS_DEVICE,196,pin,53,0,1657,True,9,9.5,True,False,False,2497.98,2497.98,22.9,6544.93,True
TX-V-000665,usr-V-0031,V,False,ALLOW,1371.13,5078.25,0.27,0.36,1371.13,2276.41,1,False,40,1,Funds Transfer,own_account,6,3,8,11,mobile_ios,,False,none,False,False,482,1,False,False,False,False,False,False,False,False,False,False,MEETS_STRONG,66,biometric,210,0,481,False,25,7.0,False,False,False,1.21,1.21,233.5,0.31,False
TX-V-000666,usr-V-0001,V,True,REQUIRE_2FA,20814.69,6938.23,3.0,0.43,30551.86,39053.45,7,True,2,11,Bills Payment,registered_biller,21,0,8,8,mobile_android,,False,none,False,False,238,1,False,False,False,False,False,False,True,False,False,False,MEETS_DEVICE,238,pin,31,0,133,False,9,10.9,False,False,False,1.7,1.7,56.1,1.82,False
TX-V-000667,usr-V-0035,V,False,ALLOW,1614.92,1877.81,0.86,0.34,1614.92,3553.91,1,False,163,1,Savings,own_account,6,5,7,9,mobile_ios,,False,none,False,False,435,1,False,False,False,False,False,False,True,False,False,False,MEETS_STRONG,142,biometric,246,0,264,False,13,9.8,False,False,False,1.13,1.13,249.9,0.27,False
TX-V-000668,usr-V-0024,V,True,REQUIRE_2FA,20630.76,4085.3,5.05,0.38,20751.28,45706.71,7,True,3,1,Savings,own_account,20,3,1,4,mobile_ios,Registration fee to process 500k lucky draw reward,True,scam,False,True,2,3,True,False,False,False,False,False,True,False,False,False,MEETS_BASIC,420,pin,15,3,1655,True,10,10.9,False,False,False,1.29,1.29,190.3,0.41,False
TX-V-000669,usr-V-0024,V,False,ALLOW,4943.21,4085.3,1.21,0.19,4943.21,6778.72,1,False,47,1,Funds Transfer,registered_biller,23,6,2,1,mobile_android,Weekly grocery share sa bahay,True,legit,False,False,130,1,False,False,False,False,False,False,False,False,False,False,MEETS_STRONG,57,biometric,239,0,683,False,40,10.4,False,False,False,2.16,2.16,126.6,1.02,False
TX-V-000670,usr-V-0047,V,False,ALLOW,83208.63,18287.61,4.55,0.49,83208.63,242597.66,1,False,473,1,Bills Payment,registered_biller,21,3,11,8,mobile_ios,,False,none,False,False,404,1,False,False,False,False,False,False,False,False,False,False,MEETS_STRONG,178,pin,404,0,1407,False,18,5.3,False,False,False,1.08,1.08,92.5,0.7,False
TX-V-000671,usr-V-0020,V,False,ALLOW,1948.74,2141.47,0.91,0.11,1948.74,6643.11,1,False,577,1,Funds Transfer,own_account,4,4,14,9,mobile_android,,False,none,False,False,376,1,False,False,False,False,False,False,False,False,False,False,MEETS_DEVICE,123,biometric,281,0,1769,False,14,17.1,False,False,False,1.47,1.47,26.6,3.32,False
TX-V-000672,usr-V-0010,V,False,ALLOW,8685.84,9142.99,0.95,0.29,8685.84,22243.51,1,False,184,1,Remittance,third_party_individual,9,6,0,13,mobile_android,,False,none,False,True,2,1,False,False,False,False,False,False,False,False,False,False,MEETS_STRONG,89,biometric,327,0,881,False,31,16.7,False,False,False,1.07,1.07,93.7,0.69,False
TX-V-000673,usr-V-0008,V,False,ALLOW,1457.03,916.37,1.59,0.22,1457.03,2372.63,1,False,258,1,Savings,own_account,22,2,5,5,mobile_ios,,False,none,False,False,643,1,False,False,False,False,False,False,False,False,False,False,MEETS_STRONG,116,pin,440,0,102,True,26,15.3,False,False,False,2.73,2.73,62.7,2.61,False
TX-V-000674,usr-V-0013,V,False,ALLOW,125.74,1796.24,0.07,0.5,125.74,406.62,1,False,377,1,Savings,own_account,3,4,11,1,mobile_ios,,False,none,False,False,496,1,False,False,False,False,False,False,False,False,False,False,MEETS_STRONG,40,pin,127,0,1475,False,26,21.7,False,False,False,1.85,1.85,138.4,0.8,False
TX-V-000675,usr-V-0001,V,False,ALLOW,8117.73,6938.23,1.17,0.31,8117.73,12497.14,2,False,586,1,Remittance,third_party_individual,15,5,2,1,mobile_ios,SM SUPRMARKET GROCERY HAUL,True,legit,False,False,238,1,False,False,False,False,False,False,True,False,False,False,MEETS_DEVICE,180,biometric,248,0,1078,False,16,23.7,False,False,False,0.66,0.66,124.8,0.32,False
TX-V-000676,usr-V-0048,V,False,ALLOW,1204.96,10954.17,0.11,0.12,1204.96,1610.98,1,False,394,1,Funds Transfer,business,10,3,4,10,mobile_android,,False,none,False,False,495,1,False,False,False,False,False,False,False,False,False,False,MEETS_DEVICE,165,biometric,230,0,221,True,34,16.7,False,False,False,1.25,1.25,275.9,0.27,False
TX-V-000677,usr-V-0015,V,False,ALLOW,553.65,1006.63,0.55,0.33,553.65,1428.46,1,False,122,1,Funds Transfer,business,20,0,1,9,mobile_ios,,False,none,False,False,752,1,False,False,False,False,False,True,False,False,False,False,MEETS_DEVICE,152,biometric,289,0,622,False,38,21.8,False,False,False,1.21,1.21,157.4,0.46,False
TX-V-000678,usr-V-0050,V,False,ALLOW,892.09,1939.32,0.46,0.22,892.09,1738.75,1,False,45,1,Savings,own_account,0,4,14,10,mobile_ios,,False,none,False,False,604,1,False,False,False,False,False,False,False,False,False,False,MEETS_DEVICE,177,biometric,528,0,628,True,29,6.6,False,False,False,2.15,2.15,191.8,0.67,False
TX-V-000679,usr-V-0042,V,False,ALLOW,2370.5,2963.12,0.8,0.16,2370.5,3883.42,1,False,480,1,Savings,own_account,12,4,3,1,mobile_ios,,False,none,False,False,795,1,False,False,False,False,False,False,False,False,False,False,MEETS_STRONG,13,biometric,426,0,365,False,40,24.1,False,False,False,1.25,1.25,234.1,0.32,False
TX-V-000680,usr-V-0050,V,True,REQUIRE_2FA,5720.99,1939.32,2.95,0.83,6865.25,16897.45,7,False,437,1,Bills Payment,third_party_individual,12,2,2,13,mobile_ios,,False,none,False,True,2,1,False,False,False,False,False,False,True,False,False,False,MEETS_DEVICE,379,password,5,0,1170,True,7,17.0,False,True,True,1.7,1.7,287.4,0.35,False
TX-V-000681,usr-V-0001,V,True,BLOCK,78957.06,6938.23,11.38,0.51,109258.49,178458.55,2,True,2,1,Bills Payment,third_party_individual,19,6,6,4,mobile_android,fast trackliquidity withdrawal fee for decentralized wallet,True,scam,False,True,2,1,True,False,False,False,False,False,True,False,False,False,MEETS_BASIC,218,pin,60,4,643,True,6,18.6,False,False,False,1.15,1.15,58.1,1.19,False
TX-V-000682,usr-V-0040,V,True,BLOCK,15958.37,1398.63,11.41,0.64,19965.9,53952.46,2,False,595,1,Bills Payment,registered_biller,13,2,4,8,mobile_ios,,False,none,False,True,3,1,False,False,False,False,False,False,False,False,False,False,MEETS_STRONG,256,pin,24,2,11,True,4,6.4,False,False,False,1.37,1.37,22.2,3.7,False
TX-V-000683,usr-V-0022,V,False,ALLOW,7675.5,7525.0,1.02,0.27,7675.5,18227.81,1,True,2,1,Savings,own_account,12,3,4,6,mobile_ios,,False,none,False,False,807,1,False,False,False,False,False,False,False,False,False,False,MEETS_STRONG,28,pin,250,0,1567,False,35,17.1,False,False,False,1.52,1.52,127.9,0.71,False
TX-V-000684,usr-V-0031,V,False,ALLOW,6601.73,5078.25,1.3,0.47,6601.73,11823.21,2,False,139,1,Funds Transfer,business,2,2,12,14,mobile_ios,,False,none,False,False,482,1,False,False,False,False,False,False,False,False,False,False,MEETS_STRONG,102,biometric,262,0,1776,True,29,20.7,False,False,False,1.52,1.52,190.4,0.48,False
TX-V-000685,usr-V-0003,V,False,ALLOW,2529.82,1756.82,1.44,0.16,2529.82,4749.32,1,False,570,1,Remittance,business,20,0,8,11,mobile_android,,False,none,False,False,848,1,False,False,False,False,False,False,False,False,False,False,MEETS_STRONG,66,pin,160,0,1105,False,14,24.1,False,False,False,2.22,2.22,80.3,1.66,False
TX-V-000686,usr-V-0003,V,False,ALLOW,1440.59,1756.82,0.82,0.15,1440.59,2413.71,1,False,552,1,Bills Payment,registered_biller,12,4,0,7,mobile_ios,weekly school allowance and bus fare,True,legit,False,False,848,1,False,False,False,False,False,False,False,False,True,False,MEETS_DEVICE,45,biometric,592,0,1845,True,23,20.7,False,False,False,1.7,1.7,279.5,0.36,False
TX-V-000687,usr-V-0028,V,False,ALLOW,1316.36,920.53,1.43,0.3,1316.36,2177.77,1,False,383,1,Savings,own_account,18,1,0,10,mobile_android,,False,none,False,False,421,1,False,False,False,False,False,False,False,False,False,False,MEETS_STRONG,80,pin,123,0,330,False,31,24.6,False,False,False,1.63,1.63,89.5,1.09,False
TX-V-000688,usr-V-0048,V,False,ALLOW,11282.8,10954.17,1.03,0.05,11282.8,33187.53,1,False,245,1,Savings,own_account,8,5,6,8,mobile_android,,False,none,False,False,495,1,False,False,False,False,False,False,False,False,False,False,MEETS_STRONG,60,biometric,243,0,1662,False,24,23.2,False,False,False,1.42,1.42,128.9,0.66,False
TX-V-000689,usr-V-0032,V,False,ALLOW,354.74,844.62,0.42,0.4,354.74,772.56,1,False,106,1,Savings,own_account,8,4,8,1,mobile_ios,,False,none,False,False,286,1,False,False,False,False,False,False,False,False,False,False,MEETS_STRONG,113,biometric,402,0,1873,True,18,6.5,False,False,False,1.94,1.94,290.6,0.4,False
TX-V-000690,usr-V-0013,V,True,REQUIRE_2FA,3323.04,1796.24,1.85,0.79,3757.61,9565.22,2,True,3,16,Remittance,business,22,4,8,176,mobile_android,,False,none,False,True,1,1,False,False,False,True,False,False,False,False,False,True,MEETS_STRONG,414,password,32,0,217,True,9,16.4,False,True,False,1.2,1.2,295.5,0.24,False
TX-V-000691,usr-V-0042,V,False,ALLOW,4889.15,2963.12,1.65,0.23,4889.15,8065.04,1,False,22,1,Funds Transfer,third_party_individual,21,2,6,4,mobile_android,,False,none,False,False,795,1,False,False,False,False,False,False,False,False,False,False,MEETS_STRONG,174,pin,593,0,960,False,14,23.6,False,False,False,0.78,0.78,283.4,0.17,False
TX-V-000692,usr-V-0031,V,False,ALLOW,7515.81,5078.25,1.48,0.42,7515.81,14089.81,1,False,214,1,Savings,own_account,8,2,6,14,mobile_ios,,False,none,False,False,482,1,False,False,False,False,False,False,False,False,False,False,MEETS_DEVICE,177,pin,426,0,888,False,28,24.4,False,False,False,1.64,1.64,245.6,0.4,False
TX-V-000693,usr-V-0059,V,False,ALLOW,636.36,1043.22,0.61,0.03,636.36,1698.2,1,False,262,1,Savings,own_account,15,1,1,9,mobile_android,,False,none,False,False,155,1,False,False,False,False,False,False,False,False,False,False,MEETS_STRONG,18,biometric,567,0,114,False,25,9.0,False,False,False,1.92,1.92,68.2,1.69,False
TX-V-000694,usr-V-0039,V,False,ALLOW,3796.02,2156.83,1.76,0.27,3796.02,10637.37,1,False,501,1,Bills Payment,registered_biller,14,1,5,0,mobile_ios,,False,none,False,False,705,1,True,False,False,False,False,False,True,False,False,False,MEETS_BASIC,102,pin,265,0,1880,False,39,9.1,False,False,False,1.89,1.89,199.6,0.57,False
TX-V-000695,usr-V-0051,V,True,REQUIRE_2FA,1158.07,756.91,1.53,0.32,1284.54,4073.73,3,False,216,1,Savings,own_account,8,0,12,2,mobile_android,Contract Agreement Payment,True,neutral,False,True,4,5,False,False,False,False,False,False,True,False,False,False,MEETS_STRONG,423,biometric,45,0,583,False,3,13.5,False,False,False,1.75,1.75,120.8,0.87,False
TX-V-000696,usr-V-0043,V,False,ALLOW,3288.75,2810.9,1.17,0.1,3288.75,4186.32,1,True,3,1,Savings,own_account,10,3,7,12,mobile_ios,Subdivision vehicle RFID sticker purchase,True,legit,False,False,404,1,False,False,False,False,False,False,False,False,False,False,MEETS_STRONG,58,biometric,502,0,619,False,45,24.3,False,False,False,2.04,2.04,74.0,1.65,False
TX-V-000697,usr-V-0001,V,False,ALLOW,1179.5,6938.23,0.17,0.03,1179.5,3592.85,1,False,136,1,Funds Transfer,business,8,0,5,7,mobile_android,,False,none,False,False,238,1,False,False,False,False,False,False,False,False,False,False,MEETS_DEVICE,120,biometric,321,0,1513,False,30,22.6,False,False,False,0.11,0.11,190.1,0.03,False
TX-V-000698,usr-V-0036,V,False,ALLOW,5117.04,5443.66,0.94,0.4,5117.04,15389.56,2,False,99,1,Savings,own_account,15,5,6,8,mobile_ios,,False,none,False,False,792,1,False,False,False,False,False,False,False,False,False,False,MEETS_STRONG,170,biometric,502,0,1382,False,39,5.1,False,False,False,0.78,0.78,193.1,0.24,False
TX-V-000699,usr-V-0011,V,False,ALLOW,15989.82,9690.8,1.65,0.03,15989.82,23980.82,2,False,426,1,Savings,own_account,6,1,13,0,mobile_android,Robinsons Supermarket Fresh Fruits nd Meat - Ref #6109,True,legit,False,False,623,1,False,False,False,False,False,False,False,False,False,False,MEETS_DEVICE,56,pin,504,0,526,False,13,7.3,False,False,False,0.84,0.84,41.6,1.21,False
TX-V-000700,usr-V-0045,V,False,ALLOW,4408.03,2623.83,1.68,0.07,4408.03,14501.1,1,False,48,1,Bills Payment,registered_biller,1,2,15,4,mobile_ios,,False,none,False,False,147,1,False,False,False,False,False,False,False,False,False,False,MEETS_DEVICE,93,biometric,568,0,1799,True,17,15.7,False,False,False,2.1,2.1,161.8,0.78,False
TX-V-000701,usr-V-0055,V,False,ALLOW,912.56,1362.03,0.67,0.48,912.56,2153.84,1,False,493,1,Savings,own_account,16,6,3,8,mobile_android,,False,none,False,False,454,1,False,False,False,False,False,False,False,False,False,False,MEETS_STRONG,96,biometric,331,0,1149,False,19,22.7,False,False,False,1.06,1.06,53.8,1.18,False
TX-V-000702,usr-V-0019,V,True,BLOCK,34247.44,2430.62,14.09,0.71,50220.04,107964.98,4,True,2,1,Bills Payment,registered_biller,11,6,0,8,mobile_android,Christmas pamasko for godchildren,True,legit,False,True,5,3,False,False,False,False,False,False,False,False,False,False,MEETS_DEVICE,443,pin,14,0,1763,True,10,16.9,False,True,False,3266.76,3266.76,24.2,8099.4,True
TX-V-000703,usr-V-0027,V,False,ALLOW,634.01,1243.16,0.51,0.36,634.01,2062.44,1,True,2,1,Savings,own_account,21,6,0,7,mobile_android,,False,none,False,False,728,1,False,False,False,False,False,False,False,False,False,False,MEETS_DEVICE,49,biometric,181,0,1491,False,35,8.9,False,False,False,1.12,1.12,47.3,1.42,False
TX-V-000704,usr-V-0032,V,False,ALLOW,979.76,844.62,1.16,0.03,979.76,1939.6,2,False,261,1,Remittance,business,11,4,5,5,mobile_ios,,False,none,False,False,286,1,False,False,False,False,False,False,False,False,False,False,MEETS_DEVICE,140,biometric,394,0,1653,True,17,5.6,False,False,False,1.32,1.32,37.6,2.11,False
TX-V-000705,usr-V-0044,V,False,ALLOW,625.27,1025.04,0.61,0.09,625.27,1650.22,1,False,243,1,Savings,own_account,17,3,1,14,mobile_android,,False,none,False,True,0,1,False,False,False,False,False,False,False,False,False,False,MEETS_STRONG,18,biometric,410,0,1718,False,24,16.9,False,False,False,1.42,1.42,27.5,3.1,False
TX-V-000706,usr-V-0040,V,False,ALLOW,1748.29,1398.63,1.25,0.37,1748.29,4943.31,2,False,526,1,Funds Transfer,registered_biller,0,5,9,10,mobile_android,,False,none,False,False,691,1,False,False,False,False,False,False,False,False,False,False,MEETS_STRONG,125,biometric,443,0,608,False,29,22.6,False,False,False,1.08,1.08,100.2,0.65,False
TX-V-000707,usr-V-0012,V,False,ALLOW,1606.72,2114.1,0.76,0.15,1606.72,2955.75,1,False,296,1,Funds Transfer,own_account,14,5,0,8,mobile_android,University Tuition Matrriculation Fee Installment 1,True,legit,False,False,525,1,False,False,False,False,False,False,False,False,False,False,MEETS_STRONG,79,pin,202,0,737,False,40,18.3,False,False,False,2.06,2.06,188.8,0.65,False
TX-V-000708,usr-V-0042,V,False,ALLOW,3348.33,2963.12,1.13,0.02,3348.33,5193.16,1,False,26,1,Savings,own_account,8,6,7,9,mobile_ios,Parking slot rental paymentB2 slot 45,True,legit,False,False,795,1,False,False,False,False,False,False,False,False,False,False,MEETS_DEVICE,175,biometric,302,0,885,False,20,8.7,False,False,False,1.17,1.17,216.5,0.32,False
TX-V-000709,usr-V-0057,V,False,ALLOW,870.0,500.0,1.74,0.25,870.0,1533.46,2,False,350,1,Savings,own_account,21,6,7,14,mobile_ios,,False,none,False,False,271,1,False,False,False,False,False,False,False,False,False,False,MEETS_STRONG,43,biometric,520,0,1434,False,28,23.8,False,False,False,2.77,2.77,62.2,2.67,False
TX-V-000710,usr-V-0017,V,False,ALLOW,2735.81,4083.3,0.67,0.44,2735.81,8314.57,1,True,1,1,Funds Transfer,business,14,2,4,7,mobile_android,,False,none,False,False,544,1,True,False,False,False,False,False,True,False,False,False,MEETS_BASIC,170,biometric,271,0,558,False,32,6.0,False,False,False,1.71,1.71,67.9,1.51,False
TX-V-000711,usr-V-0056,V,False,ALLOW,2342.81,1446.18,1.62,0.21,2342.81,8173.45,1,False,63,1,Remittance,third_party_individual,6,1,3,8,mobile_android,,False,none,False,False,316,1,False,False,False,False,False,False,False,False,False,False,MISSING,60,biometric,90,0,720,False,25,10.0,False,False,False,2.5,2.5,190.4,0.79,False
TX-V-000712,usr-V-0003,V,False,ALLOW,6201.57,1756.82,3.53,0.31,6201.57,14983.69,1,False,317,1,Savings,own_account,11,4,1,9,mobile_android,Warehouse storage room monthly lease,True,legit,False,False,848,1,False,False,False,False,False,False,False,False,False,False,MEETS_STRONG,11,pin,525,0,1081,False,35,7.5,False,False,False,1.93,1.93,58.6,1.98,False
TX-V-000713,usr-V-0053,V,True,REQUIRE_2FA,4900.88,3141.59,1.56,0.93,5280.69,9779.11,2,True,3,6,Bills Payment,third_party_individual,13,3,4,13,mobile_android,,False,none,False,True,1,1,False,False,False,False,False,False,False,False,False,False,MEETS_STRONG,422,biometric,8,3,1,False,8,23.1,False,True,True,2.62,2.62,171.7,0.92,False
TX-V-000714,usr-V-0021,V,False,ALLOW,575.51,3197.29,0.18,0.04,575.51,926.0,1,True,3,1,Savings,own_account,22,4,5,3,mobile_android,,False,none,False,False,720,1,False,False,False,False,False,False,False,False,False,False,MEETS_DEVICE,117,biometric,514,0,1774,True,40,16.6,False,False,False,1.83,1.83,79.8,1.38,False
TX-V-000715,usr-V-0044,V,False,ALLOW,1394.05,1025.04,1.36,0.39,1394.05,3686.68,1,False,40,1,Bills Payment,registered_biller,23,0,7,4,mobile_android,,False,none,False,False,874,1,False,False,False,False,False,False,False,False,False,False,MEETS_DEVICE,116,biometric,273,0,113,False,35,19.0,False,False,False,2.15,2.15,179.6,0.72,False
TX-V-000716,usr-V-0026,V,False,ALLOW,1197.13,2347.31,0.51,0.23,1197.13,2672.76,1,True,3,1,Funds Transfer,own_account,14,0,1,1,mobile_android,,False,none,False,False,413,1,False,False,False,False,False,False,False,False,False,False,MEETS_STRONG,148,biometric,419,0,1183,True,36,17.1,False,False,False,1.9,1.9,286.3,0.4,False
TX-V-000717,usr-V-0037,V,False,ALLOW,5217.62,3753.68,1.39,0.04,5217.62,6947.64,1,False,100,1,Savings,own_account,19,6,2,8,mobile_android,apartment monthly rental fee and water share - Ref #2618,True,legit,False,False,824,1,False,False,False,False,False,False,False,False,False,False,MEETS_STRONG,171,biometric,393,0,1795,True,33,16.4,False,False,False,2.17,2.17,156.8,0.83,False
TX-V-000718,usr-V-0057,V,True,REQUIRE_2FA,2390.0,500.0,4.78,0.77,2927.95,7425.94,3,True,1,1,Savings,own_account,23,6,9,1,mobile_ios,Mercury Drug Maintenance Pills For Lola - Ref #51554,True,legit,False,False,271,5,False,False,True,False,False,True,False,False,False,False,FAILED,205,password,60,2,931,True,3,11.9,False,False,False,0.86,0.86,249.6,0.21,False
TX-V-000719,usr-V-0057,V,False,ALLOW,115.0,500.0,0.23,0.17,115.0,309.26,1,False,425,1,Remittance,business,0,3,14,7,mobile_android,,False,none,False,False,271,1,False,False,False,False,False,False,True,False,False,False,MEETS_STRONG,112,biometric,500,0,1732,False,45,20.6,False,False,False,2.1,2.1,116.7,1.08,False
TX-V-000720,usr-V-0057,V,False,ALLOW,485.0,500.0,0.97,0.32,485.0,792.98,1,False,130,1,Savings,own_account,23,3,9,4,mobile_ios,birthday monetary gift for niece,True,legit,False,False,271,1,False,False,False,False,False,False,False,False,False,False,MEETS_STRONG,158,pin,510,0,1639,True,34,7.9,False,False,False,1171.0,1171.0,323.6,217.12,False
TX-V-000721,usr-V-0037,V,False,ALLOW,4016.44,3753.68,1.07,0.1,4016.44,8233.66,1,False,93,1,Bills Payment,registered_biller,17,3,4,8,mobile_android,Barbeque Stall Payment Via Qr Ph,True,legit,False,False,824,1,False,False,False,False,False,False,False,False,False,False,MISSING,60,biometric,90,0,720,False,25,10.0,False,False,False,0.15,0.15,225.3,0.04,False
TX-V-000722,usr-V-0009,V,False,ALLOW,432.94,816.86,0.53,0.28,432.94,1008.41,1,True,1,1,Bills Payment,registered_biller,12,4,3,13,mobile_android,,False,none,False,False,838,1,False,False,False,False,False,False,False,False,False,False,MEETS_DEVICE,155,pin,313,0,1504,False,40,12.5,False,False,False,1.03,1.03,290.1,0.21,False
TX-V-000723,usr-V-0031,V,True,ALLOW,5230.6,5078.25,1.03,0.23,5230.6,8728.99,2,False,231,1,Remittance,business,6,2,8,3,mobile_android,,False,none,False,False,482,1,False,False,False,False,False,False,False,False,False,False,MEETS_STRONG,125,pin,390,0,955,True,28,8.9,False,False,False,0.68,0.68,250.6,0.16,False
TX-V-000724,usr-V-0034,V,False,ALLOW,1027.24,1656.84,0.62,0.21,1027.24,3025.98,1,False,294,1,Remittance,third_party_individual,1,6,19,11,mobile_android,,False,none,False,False,332,1,False,False,False,False,False,False,False,False,False,False,MISSING,60,biometric,90,0,720,False,25,10.0,False,False,False,1.07,1.07,150.1,0.43,False
TX-V-000725,usr-V-0054,V,False,ALLOW,1601.01,6404.03,0.25,0.48,1601.01,2314.5,1,True,3,1,Funds Transfer,registered_biller,4,6,16,13,mobile_android,Dinner delivery Foodpanda bill share,True,legit,False,False,790,1,False,False,False,False,False,False,False,False,False,False,MEETS_STRONG,174,biometric,451,0,686,False,22,12.7,False,False,False,2.63,2.63,95.9,1.65,False
TX-V-000726,usr-V-0025,V,True,REQUIRE_2FA,1500.0,500.0,3.0,0.46,1713.37,3987.77,2,False,267,1,Bills Payment,third_party_individual,12,3,3,14,mobile_ios,,False,none,False,False,59,3,False,False,False,False,True,False,False,False,True,False,FAILED,352,password,9,1,100,False,5,10.8,True,False,False,1.93,1.93,273.1,0.42,False
TX-V-000727,usr-V-0054,V,False,ALLOW,8517.36,6404.03,1.33,0.45,8517.36,15506.44,1,False,460,1,Savings,own_account,11,5,9,12,mobile_android,,False,none,False,False,790,1,False,False,False,False,False,False,False,False,False,False,MEETS_STRONG,150,biometric,90,0,1541,False,31,16.9,False,False,False,2.1,2.1,198.3,0.64,False
TX-V-000728,usr-V-0037,V,True,REQUIRE_2FA,15990.68,3753.68,4.26,0.49,18263.31,53465.53,3,False,385,1,Bills Payment,registered_biller,18,0,3,2,mobile_ios,Foreign exchange crypto conversion fee for withdrawal,True,scam,False,False,824,1,True,False,False,False,False,True,True,False,False,False,MEETS_BASIC,437,biometric,38,0,708,True,5,14.3,False,True,True,1.19,1.19,124.9,0.57,False
TX-V-000729,usr-V-0008,V,False,ALLOW,1594.48,916.37,1.74,0.1,1594.48,2461.76,1,False,112,1,Funds Transfer,registered_biller,1,4,16,5,mobile_android,bpi express online transfer,True,neutral,False,False,643,1,False,False,False,False,False,False,False,False,False,False,MEETS_STRONG,74,biometric,208,0,904,False,17,17.6,False,False,False,2.64,2.64,104.2,1.52,False
TX-V-000730,usr-V-0029,V,True,REQUIRE_2FA,2550.8,1208.91,2.11,0.7,3484.06,9404.07,7,False,563,1,Savings,own_account,22,3,6,4,mobile_android,Miscellaneous payment,True,neutral,False,True,2,1,False,False,False,False,False,False,False,False,True,False,MEETS_STRONG,189,biometric,48,0,1563,False,5,10.7,False,False,False,1.53,1.53,113.7,0.81,False
TX-V-000731,usr-V-0032,V,True,REQUIRE_2FA,4248.44,844.62,5.03,0.79,5763.67,14617.47,4,True,1,1,Bills Payment,third_party_individual,17,1,1,8,mobile_android,,False,none,False,True,3,1,False,False,False,False,False,False,False,False,False,False,MEETS_STRONG,298,password,38,0,581,True,4,19.5,False,False,False,1.02,1.02,105.8,0.58,False
TX-V-000732,usr-V-0004,V,False,ALLOW,8752.31,5913.72,1.48,0.49,8752.31,30565.85,1,False,21,1,Remittance,business,21,4,11,9,mobile_ios,,False,none,False,False,447,1,True,False,False,False,False,False,True,False,False,False,MEETS_BASIC,28,pin,293,0,1231,False,34,10.6,False,False,False,1.82,1.82,110.9,0.98,False
TX-V-000733,usr-V-0013,V,False,ALLOW,2424.92,1796.24,1.35,0.31,2424.92,4867.65,1,False,377,1,Funds Transfer,third_party_individual,0,4,14,6,mobile_ios,Registration fee to process 500k lucky draw reward - Ref #84008,True,scam,False,False,496,1,False,False,False,False,False,False,True,False,False,False,MEETS_STRONG,137,biometric,174,0,585,False,38,22.3,False,False,False,1.37,1.37,262.5,0.31,False
TX-V-000734,usr-V-0008,V,False,ALLOW,174.11,916.37,0.19,0.04,174.11,526.27,1,False,598,1,Bills Payment,registered_biller,11,6,6,4,mobile_ios,,False,none,False,False,643,1,False,False,False,False,False,False,False,False,False,False,MEETS_STRONG,28,biometric,343,0,1341,False,25,9.8,False,False,False,2.8,2.8,158.6,1.06,False
TX-V-000735,usr-V-0053,V,False,ALLOW,4366.81,3141.59,1.39,0.39,4366.81,11080.21,1,False,42,1,Bills Payment,registered_biller,17,0,0,8,mobile_android,,False,none,False,False,270,1,False,False,False,False,False,False,False,False,False,False,MEETS_STRONG,44,pin,298,0,965,True,42,15.7,False,False,False,1.5,1.5,33.3,2.7,False
TX-V-000736,usr-V-0056,V,False,ALLOW,101.23,1446.18,0.07,0.34,101.23,345.61,1,False,522,1,Remittance,third_party_individual,23,1,14,4,mobile_ios,Art workshop materials cash allowance,True,legit,False,False,316,1,False,False,False,False,False,False,False,False,False,False,MEETS_STRONG,126,pin,340,0,372,True,42,20.2,False,False,False,1.8,1.8,81.1,1.33,False
TX-V-000737,usr-V-0005,V,False,ALLOW,4986.9,3439.24,1.45,0.3,4986.9,14684.23,2,False,582,1,Savings,own_account,15,3,5,7,mobile_ios,,False,none,False,False,502,1,False,False,False,False,False,False,False,False,False,False,MEETS_STRONG,20,biometric,548,0,1075,True,29,12.2,False,False,False,1.31,1.31,131.8,0.6,False
TX-V-000738,usr-V-0042,V,False,ALLOW,2518.65,2963.12,0.85,0.36,2518.65,4647.57,1,False,46,1,Savings,own_account,18,5,3,6,mobile_ios,,False,none,False,False,795,1,False,False,False,False,False,False,False,False,False,False,MEETS_STRONG,179,biometric,173,0,167,False,29,21.5,False,False,False,1.24,1.24,142.7,0.52,False
TX-V-000739,usr-V-0002,V,False,REQUIRE_2FA,3868.74,2908.83,1.33,0.57,4750.98,7233.97,2,True,0,1,Bills Payment,third_party_individual,17,5,1,0,mobile_ios,,False,none,False,False,745,1,False,False,False,False,False,False,False,False,False,False,MEETS_STRONG,449,biometric,56,0,1419,True,5,24.5,False,False,False,2.88,2.88,237.2,0.73,False
TX-V-000740,usr-V-0018,V,False,ALLOW,10056.49,1779.91,5.65,0.16,10056.49,29642.24,1,True,1,1,Remittance,business,3,5,7,7,mobile_ios,,False,none,False,False,480,1,False,False,False,False,False,False,False,False,False,False,MEETS_STRONG,48,biometric,159,0,1676,False,43,6.2,False,False,False,0.25,0.25,47.8,0.31,False
TX-V-000741,usr-V-0030,V,False,ALLOW,130.77,1868.15,0.07,0.13,130.77,255.07,1,False,315,1,Bills Payment,registered_biller,0,3,16,3,mobile_android,,False,none,False,False,853,1,False,False,False,False,False,False,False,False,False,False,MEETS_STRONG,68,pin,133,0,1744,False,44,23.7,False,False,False,1.83,1.83,60.8,1.81,False
TX-V-000742,usr-V-0034,V,False,ALLOW,2783.49,1656.84,1.68,0.34,2783.49,3719.11,1,False,310,1,Bills Payment,registered_biller,4,1,16,1,mobile_ios,,False,none,False,False,332,1,False,False,False,False,False,False,False,False,False,False,MEETS_STRONG,79,biometric,188,0,825,False,42,10.9,False,False,False,1.78,1.78,109.2,0.98,False
TX-V-000743,usr-V-0057,V,False,ALLOW,160.0,500.0,0.32,0.07,160.0,494.36,1,False,131,1,Funds Transfer,registered_biller,0,3,14,0,mobile_ios,AWS certified solutions architect study guide,True,legit,False,False,271,1,False,False,False,False,False,False,False,False,False,False,MEETS_STRONG,177,biometric,404,0,1771,True,28,18.4,False,False,False,1.69,1.69,131.7,0.77,False
TX-V-000744,usr-V-0027,V,False,ALLOW,248.63,1243.16,0.2,0.14,248.63,771.29,1,False,339,1,Bills Payment,registered_biller,12,4,9,2,mobile_ios,,False,none,False,False,728,1,False,False,False,False,False,False,True,False,False,False,MEETS_STRONG,24,pin,241,0,1471,False,33,22.5,False,False,False,0.71,0.71,278.9,0.15,False
TX-V-000745,usr-V-0032,V,False,ALLOW,793.94,844.62,0.94,0.3,793.94,2564.26,1,False,231,1,Remittance,business,9,1,7,5,mobile_android,Transaction eimbursement,True,neutral,False,True,0,1,False,False,False,False,False,False,False,False,False,False,MEETS_DEVICE,108,pin,574,0,1889,False,20,12.8,False,False,False,1.97,1.97,145.4,0.81,False
TX-V-000746,usr-V-0042,V,False,ALLOW,266.68,2963.12,0.09,0.06,266.68,394.41,2,False,494,1,Bills Payment,registered_biller,11,2,4,12,mobile_ios,,False,none,False,False,795,1,False,False,False,False,False,False,False,False,False,False,MEETS_STRONG,46,biometric,169,0,838,False,18,19.1,False,False,False,1.73,1.73,31.2,3.33,False
TX-V-000747,usr-V-0053,V,False,ALLOW,3895.57,3141.59,1.24,0.35,3895.57,9911.59,1,False,535,1,Remittance,business,4,3,13,8,mobile_ios,,False,none,False,False,270,1,False,False,False,False,False,False,False,False,False,False,MEETS_DEVICE,169,biometric,497,0,1601,False,19,8.5,False,False,False,1.0,1.0,264.1,0.23,False
TX-V-000748,usr-V-0052,V,False,ALLOW,2023.56,1521.47,1.33,0.27,2023.56,3045.99,1,False,39,1,Bills Payment,registered_biller,6,4,3,3,mobile_ios,DLSU term 2 tuitionbalance settlement,True,legit,False,False,76,1,False,False,False,False,False,False,False,False,False,False,MEETS_STRONG,35,biometric,197,0,1231,False,44,6.6,False,False,False,3.05,3.05,53.7,3.41,False
TX-V-000749,usr-V-0023,V,False,ALLOW,4487.09,2624.03,1.71,0.27,4487.09,12796.21,1,False,445,1,Savings,own_account,15,6,2,4,mobile_android,,False,none,False,False,730,1,False,False,False,False,False,False,False,False,False,False,MEETS_DEVICE,158,biometric,111,0,1789,False,19,5.8,False,False,False,2.23,2.23,62.1,2.15,False
TX-V-000750,usr-V-0041,V,False,ALLOW,3652.35,2040.42,1.79,0.27,3652.35,12417.08,1,False,366,1,Bills Payment,registered_biller,15,0,5,5,mobile_ios,,False,none,False,False,403,1,True,False,False,False,False,False,True,False,False,False,MEETS_BASIC,23,biometric,244,0,1822,True,40,22.0,False,False,False,2.39,2.39,150.8,0.95,False
TX-V-000751,usr-V-0006,V,False,ALLOW,8004.69,8338.22,0.96,0.04,8004.69,27624.35,1,False,397,1,Funds Transfer,registered_biller,13,4,7,11,mobile_android,,False,none,False,False,551,1,False,False,False,False,False,False,False,False,False,False,MISSING,60,biometric,90,0,720,False,25,10.0,False,False,False,2.56,2.56,201.7,0.76,False
TX-V-000752,usr-V-0049,V,False,ALLOW,1319.58,1233.25,1.07,0.38,1319.58,2431.11,1,False,346,1,Savings,own_account,1,1,9,3,mobile_android,Organic eggs and fresh milk elivery,True,legit,False,True,4,1,False,False,False,False,False,False,False,False,False,False,MEETS_STRONG,144,pin,88,0,1726,False,12,22.7,False,False,False,2.05,2.05,63.3,1.94,False
TX-V-000753,usr-V-0045,V,False,ALLOW,1626.77,2623.83,0.62,0.34,1626.77,3217.09,2,False,114,1,Remittance,business,1,2,15,9,mobile_ios,,False,none,False,True,1,1,False,False,False,False,False,False,True,False,False,False,MEETS_STRONG,176,pin,306,0,1667,False,14,18.6,False,False,False,2.38,2.38,153.8,0.93,False
TX-V-000754,usr-V-0060,V,False,ALLOW,2508.7,1597.9,1.57,0.43,2508.7,8227.98,1,False,401,1,Savings,own_account,8,0,1,7,mobile_ios,,False,none,False,False,641,1,False,False,False,False,False,False,True,False,False,False,MEETS_STRONG,127,pin,184,0,978,False,17,15.1,False,False,False,0.71,0.71,189.2,0.23,False
TX-V-000755,usr-V-0004,V,True,BLOCK,34063.03,5913.72,5.76,0.87,49030.57,71186.69,7,True,1,1,Bills Payment,third_party_individual,7,3,3,4,mobile_ios,,False,none,False,False,447,1,False,False,False,False,False,False,False,False,False,False,MISSING,60,biometric,90,0,720,False,25,10.0,False,False,False,2992.36,2992.36,19.6,9160.29,True
TX-V-000756,usr-V-0005,V,False,ALLOW,5227.64,3439.24,1.52,0.19,5227.64,15728.12,1,False,157,1,Funds Transfer,registered_biller,21,5,11,2,mobile_ios,,False,none,False,False,502,1,False,False,False,False,False,False,False,False,False,False,MEETS_DEVICE,139,pin,387,0,1713,False,35,9.7,False,False,False,1.85,1.85,123.5,0.9,False
TX-V-000757,usr-V-0047,V,True,REQUIRE_2FA,146300.88,18287.61,8.0,0.62,185633.32,396644.21,6,True,1,12,Bills Payment,third_party_individual,7,6,3,5,mobile_android,bdo account reactivation fee to release locked incoming remittance,True,scam,False,True,0,4,False,False,False,False,False,False,False,False,False,True,MEETS_STRONG,373,password,58,2,15,True,3,20.7,False,True,False,1.64,1.64,103.0,0.96,False
TX-V-000758,usr-V-0016,V,False,ALLOW,1527.03,1192.99,1.28,0.22,1527.03,4905.54,2,False,516,1,Remittance,third_party_individual,23,2,4,4,mobile_ios,Wedding gift cash transfer for newlywed couple,True,legit,False,False,870,1,False,False,False,False,False,False,False,False,False,False,MEETS_STRONG,164,pin,542,0,1062,True,25,19.2,False,False,False,1.57,1.57,53.9,1.75,False
TX-V-000759,usr-V-0008,V,False,ALLOW,1301.25,916.37,1.42,0.02,1301.25,3652.55,1,False,156,1,Funds Transfer,own_account,22,2,5,8,mobile_ios,For safe keeping,True,neutral,False,False,643,1,False,False,False,False,False,False,False,False,False,False,MEETS_STRONG,150,pin,266,0,1281,True,18,13.0,False,False,False,0.88,0.88,129.2,0.41,False
TX-V-000760,usr-V-0028,V,False,ALLOW,1436.03,920.53,1.56,0.25,1436.03,3024.73,1,True,2,1,Bills Payment,registered_biller,18,3,0,4,mobile_ios,Financial allowance support for mama and papa - Ref #50794,True,legit,False,False,421,1,False,False,False,False,False,False,False,False,False,False,MEETS_STRONG,80,biometric,200,0,110,False,35,18.8,False,False,False,0.63,0.63,167.8,0.23,False
TX-V-000761,usr-V-0009,V,False,ALLOW,1274.3,816.86,1.56,0.22,1274.3,3241.26,1,False,104,1,Remittance,third_party_individual,1,1,14,1,mobile_android,,False,none,False,False,838,1,False,False,False,False,False,False,False,False,False,False,MEETS_STRONG,143,biometric,357,0,860,True,30,12.1,False,False,False,2.54,2.54,70.0,2.18,False
TX-V-000762,usr-V-0023,V,True,REQUIRE_2FA,19076.7,2624.03,7.27,0.35,23398.21,58853.55,6,True,3,1,Bills Payment,third_party_individual,7,2,6,6,mobile_ios,,False,none,False,False,730,5,False,False,False,False,False,False,False,False,False,False,MEETS_STRONG,203,biometric,12,0,327,True,9,7.6,False,False,False,0.87,0.87,215.5,0.24,False
TX-V-000763,usr-V-0052,V,False,ALLOW,2571.28,1521.47,1.69,0.15,2571.28,5638.08,2,False,511,1,Savings,own_account,6,3,3,7,mobile_android,,False,none,False,False,76,1,False,False,False,False,False,False,False,False,False,False,MEETS_DEVICE,42,biometric,222,0,1205,False,41,8.2,False,False,False,2.3,2.3,119.1,1.16,False
TX-V-000764,usr-V-0018,V,False,ALLOW,2367.28,1779.91,1.33,0.2,2367.28,7339.51,2,False,442,1,Bills Payment,registered_biller,4,0,6,1,mobile_ios,,False,none,False,False,480,1,False,False,False,False,False,False,False,False,False,False,MEETS_STRONG,80,biometric,270,0,209,False,32,11.3,False,False,False,1.88,1.88,33.7,3.35,False
TX-V-000765,usr-V-0010,V,False,ALLOW,8960.13,9142.99,0.98,0.1,8960.13,30290.19,1,False,29,1,Bills Payment,registered_biller,23,6,14,3,mobile_android,,False,none,False,True,3,1,False,False,False,False,False,False,False,False,False,False,MEETS_DEVICE,34,pin,600,0,456,True,33,19.1,False,False,False,2.22,2.22,154.4,0.86,False
TX-V-000766,usr-V-0028,V,False,ALLOW,460.26,920.53,0.5,0.2,460.26,1015.52,1,False,245,1,Remittance,business,9,4,9,14,mobile_android,,False,none,False,False,421,1,False,False,False,False,False,False,False,False,False,False,MEETS_STRONG,23,biometric,100,0,808,True,18,9.2,False,False,False,1.68,1.68,177.3,0.57,False
TX-V-000767,usr-V-0055,V,False,ALLOW,2383.55,1362.03,1.75,0.33,2383.55,4672.46,1,False,472,1,Savings,own_account,6,1,13,11,mobile_android,,False,none,False,False,454,1,False,False,False,False,False,False,False,False,False,False,MEETS_DEVICE,180,biometric,324,0,1742,True,17,13.4,False,False,False,2.93,2.93,278.9,0.63,False
TX-V-000768,usr-V-0044,V,True,REQUIRE_2FA,830.28,1025.04,0.81,0.48,934.66,1968.31,3,True,2,9,Savings,own_account,18,0,2,2,mobile_android,,False,none,False,False,874,1,False,False,False,False,False,True,False,False,False,False,MEETS_DEVICE,426,password,8,0,18,True,6,5.8,True,True,False,1.99,1.99,195.7,0.61,False
TX-V-000769,usr-V-0056,V,False,ALLOW,2501.89,1446.18,1.73,0.47,2501.89,8093.19,1,False,438,1,Funds Transfer,business,5,4,4,10,mobile_ios,MONTHLY ALLOWANCE FOR COLLEGE DAUGHTER,True,legit,False,False,316,1,False,False,False,False,False,False,False,False,False,False,MEETS_STRONG,145,biometric,96,0,784,False,38,19.7,False,False,False,0.15,0.15,104.4,0.09,False
TX-V-000770,usr-V-0037,V,False,ALLOW,2552.5,3753.68,0.68,0.41,2552.5,5181.93,1,False,436,1,Funds Transfer,third_party_individual,20,6,1,14,mobile_android,,False,none,False,False,824,1,False,False,False,False,False,False,True,False,False,False,MEETS_DEVICE,77,biometric,391,0,1082,False,35,21.8,False,False,False,1.34,1.34,128.0,0.63,False
TX-V-000771,usr-V-0010,V,True,REQUIRE_2FA,8228.69,9142.99,0.9,0.7,10170.1,24955.22,3,False,173,21,Bills Payment,third_party_individual,0,4,9,5,mobile_android,Deposit,True,neutral,False,True,3,1,False,False,False,False,False,False,False,True,False,False,MEETS_STRONG,482,pin,17,0,1058,True,6,72.7,False,False,False,0.93,0.93,21.9,2.55,False
TX-V-000772,usr-V-0020,V,True,REQUIRE_2FA,5096.7,2141.47,2.38,0.83,6829.6,17071.65,4,True,3,1,Remittance,third_party_individual,16,2,2,2,mobile_ios,STAFF HOUSING DORMITROY ROOM SHARE,True,legit,False,False,376,1,False,False,False,False,False,False,False,False,False,False,MEETS_STRONG,391,biometric,57,0,1069,False,7,14.4,False,True,True,1.35,1.35,196.8,0.41,False
TX-V-000773,usr-V-0006,V,False,ALLOW,14758.65,8338.22,1.77,0.44,14758.65,31147.66,1,False,547,1,Savings,own_account,19,1,1,4,mobile_ios,,False,none,False,False,551,1,False,False,False,False,False,False,False,False,False,False,MEETS_DEVICE,32,biometric,336,0,659,True,26,18.9,False,False,False,2.08,2.08,22.9,5.45,False
TX-V-000774,usr-V-0018,V,False,ALLOW,1904.5,1779.91,1.07,0.4,1904.5,5112.48,1,False,520,1,Bills Payment,registered_biller,20,4,10,8,mobile_android,,False,none,False,False,480,1,False,False,False,False,False,True,False,False,False,False,MEETS_STRONG,65,biometric,229,0,596,False,37,17.7,False,False,False,1.22,1.22,16.4,4.46,False
TX-V-000775,usr-V-0032,V,False,ALLOW,3260.23,844.62,3.86,0.28,3260.23,10774.47,1,True,0,1,Bills Payment,registered_biller,19,2,3,9,mobile_android,Monthly allowance for college daughter,True,legit,False,False,286,1,False,False,False,False,False,False,True,False,False,False,MEETS_STRONG,30,biometric,415,0,1879,False,25,21.4,False,False,False,1.24,1.24,83.0,0.9,False
TX-V-000776,usr-V-0019,V,False,ALLOW,1409.76,2430.62,0.58,0.31,1409.76,2059.95,2,True,3,1,Funds Transfer,registered_biller,15,1,4,8,mobile_android,,False,none,False,False,700,1,False,False,False,False,False,False,False,False,False,False,MEETS_DEVICE,55,biometric,201,0,331,False,12,5.5,False,False,False,2.07,2.07,90.6,1.37,False
TX-V-000777,usr-V-0044,V,False,ALLOW,676.53,1025.04,0.66,0.36,676.53,1409.94,1,False,58,1,Bills Payment,registered_biller,2,1,14,1,mobile_android,,False,none,False,False,874,1,False,False,False,False,False,False,False,False,False,False,MEETS_STRONG,38,biometric,509,0,1727,False,38,19.7,False,False,False,2.33,2.33,109.9,1.27,False
TX-V-000778,usr-V-0049,V,False,ALLOW,1011.26,1233.25,0.82,0.39,1011.26,1610.38,1,False,100,1,Savings,own_account,21,6,11,14,mobile_ios,,False,none,False,False,410,1,False,False,False,False,False,False,True,False,False,False,MEETS_STRONG,145,biometric,543,0,755,True,30,13.3,False,False,False,2.3,2.3,158.7,0.87,False
TX-V-000779,usr-V-0004,V,False,ALLOW,6091.13,5913.72,1.03,0.37,6091.13,21265.56,1,False,316,1,Funds Transfer,own_account,16,1,6,5,mobile_ios,,False,none,False,False,447,1,True,False,False,False,False,False,True,False,False,False,MEETS_BASIC,40,pin,590,0,1959,True,12,12.2,False,False,False,2.07,2.07,87.9,1.41,False
TX-V-000780,usr-V-0025,V,False,ALLOW,90.0,500.0,0.18,0.31,90.0,116.18,1,False,425,1,Remittance,third_party_individual,2,5,7,7,mobile_ios,,False,none,False,False,59,1,False,False,False,False,False,False,False,False,False,False,MEETS_STRONG,171,pin,121,0,434,False,28,21.6,False,False,False,2.16,2.16,195.9,0.66,False
TX-V-000781,usr-V-0016,V,False,ALLOW,1431.59,1192.99,1.2,0.07,1431.59,1923.5,1,False,295,1,Remittance,business,15,6,4,11,mobile_ios,,False,none,False,False,870,1,False,False,False,False,False,False,True,False,False,False,MEETS_STRONG,133,biometric,71,0,364,False,25,16.1,False,False,False,2.91,2.91,102.0,1.71,False
TX-V-000782,usr-V-0030,V,False,ALLOW,1139.57,1868.15,0.61,0.1,1139.57,1757.41,1,False,201,1,Remittance,business,7,2,9,11,mobile_ios,,False,none,False,True,4,1,False,False,False,False,False,False,False,False,False,False,MEETS_DEVICE,72,pin,545,0,921,False,24,19.3,False,False,False,0.99,0.99,167.1,0.36,False
TX-V-000783,usr-V-0016,V,True,REQUIRE_2FA,2421.77,1192.99,2.03,0.56,3241.58,4865.62,3,True,3,1,Bills Payment,registered_biller,15,1,4,13,mobile_android,,False,none,False,True,2,1,False,False,False,False,True,False,False,False,False,False,FAILED,280,pin,49,0,14,True,5,21.0,False,False,False,2.16,2.16,145.9,0.89,False
TX-V-000784,usr-V-0024,V,False,ALLOW,1062.18,4085.3,0.26,0.45,1062.18,2868.45,1,False,312,1,Bills Payment,registered_biller,2,0,19,1,mobile_ios,,False,none,False,False,130,1,False,False,False,False,False,False,False,False,False,False,MEETS_DEVICE,106,biometric,547,0,324,False,16,8.2,False,False,False,2.17,2.17,229.4,0.57,False
TX-V-000785,usr-V-0017,V,False,ALLOW,2245.82,4083.3,0.55,0.3,2245.82,7232.48,2,True,3,1,Bills Payment,registered_biller,10,1,8,10,mobile_ios,,False,none,False,False,544,1,True,False,False,False,False,False,True,False,False,False,MEETS_BASIC,145,biometric,314,0,1083,False,23,23.3,False,False,False,2.81,2.81,246.6,0.68,False
TX-V-000786,usr-V-0048,V,False,ALLOW,1971.75,10954.17,0.18,0.36,1971.75,2782.37,1,False,259,1,Savings,own_account,17,5,3,10,mobile_ios,Pang requirements sa board examination - Ref #11161,True,legit,False,False,495,1,False,False,False,False,False,False,False,False,False,False,MEETS_DEVICE,162,pin,453,0,596,False,31,17.1,False,True,True,2.19,2.19,33.2,3.96,False
TX-V-000787,usr-V-0018,V,False,ALLOW,1174.74,1779.91,0.66,0.01,1174.74,1700.09,1,True,1,1,Funds Transfer,business,1,0,9,14,mobile_ios,,False,none,False,False,480,1,False,False,False,False,False,False,False,False,False,False,MEETS_STRONG,151,biometric,111,0,641,False,30,7.8,False,False,False,1172.1,1172.1,285.7,246.15,False
TX-V-000788,usr-V-0029,V,False,ALLOW,616.54,1208.91,0.51,0.03,616.54,827.28,1,True,2,1,Bills Payment,registered_biller,8,3,8,0,mobile_ios,,False,none,False,False,267,1,False,False,False,False,False,False,False,False,False,False,MEETS_DEVICE,163,biometric,497,0,762,False,39,9.3,False,False,False,1.14,1.14,158.6,0.43,False
TX-V-000789,usr-V-0021,V,True,REQUIRE_2FA,15378.96,3197.29,4.81,0.69,19490.08,60676.08,5,True,0,1,Funds Transfer,third_party_individual,11,4,6,4,mobile_android,,False,none,False,False,720,1,False,False,False,False,False,False,True,False,False,False,MEETS_STRONG,187,biometric,31,3,1957,False,3,23.1,False,True,False,2.39,2.39,157.6,0.91,False
TX-V-000790,usr-V-0009,V,False,ALLOW,1241.63,816.86,1.52,0.15,1241.63,1786.33,1,False,299,1,Remittance,business,1,4,14,5,mobile_android,,False,none,False,False,838,1,False,False,False,False,False,False,False,False,False,False,MEETS_DEVICE,102,biometric,499,0,1935,True,28,16.2,False,False,False,1.41,1.41,228.7,0.37,False
TX-V-000791,usr-V-0022,V,False,ALLOW,10158.75,7525.0,1.35,0.42,10158.75,21987.7,1,False,67,1,Funds Transfer,business,10,6,6,2,mobile_android,dlsu term 2 tuition balances ettlement,True,legit,False,False,807,1,False,False,False,False,False,False,False,False,False,False,MEETS_STRONG,159,pin,84,0,391,True,26,18.3,False,False,False,2.96,2.96,174.7,1.02,False
TX-V-000792,usr-V-0057,V,True,BLOCK,4630.0,500.0,9.26,0.34,6929.24,19084.13,6,False,399,1,Bills Payment,third_party_individual,19,2,5,4,mobile_android,,False,none,False,False,271,1,False,True,True,False,True,True,False,False,False,False,FAILED,446,password,46,0,1335,False,6,18.2,False,True,True,2.69,2.69,287.0,0.56,False
TX-V-000793,usr-V-0057,V,False,ALLOW,65.0,500.0,0.13,0.13,65.0,225.32,1,False,77,1,Remittance,business,9,0,5,8,mobile_ios,GLOBE POSTPAID TELECOM MONTHLY PLAN,True,legit,False,False,271,1,False,False,False,False,False,False,False,False,False,False,MEETS_DEVICE,27,biometric,276,0,950,False,38,15.0,False,False,False,1.16,1.16,133.6,0.52,False
TX-V-000794,usr-V-0017,V,False,ALLOW,3797.47,4083.3,0.93,0.31,3797.47,11596.04,1,False,128,1,Funds Transfer,third_party_individual,4,3,14,9,mobile_android,,False,none,False,False,544,1,True,False,False,False,False,False,True,False,False,False,MEETS_BASIC,27,biometric,562,0,744,False,13,14.3,False,False,False,1.15,1.15,243.1,0.28,False
TX-V-000795,usr-V-0019,V,False,ALLOW,1482.68,2430.62,0.61,0.5,1482.68,4324.39,1,False,503,1,Savings,own_account,5,0,6,14,mobile_ios,,False,none,False,False,700,1,False,False,False,False,False,False,False,False,False,False,MEETS_STRONG,132,biometric,383,0,443,False,22,9.6,False,False,False,2.04,2.04,73.8,1.66,False
TX-V-000796,usr-V-0024,V,False,ALLOW,4044.45,4085.3,0.99,0.27,4044.45,11983.6,1,True,2,1,Remittance,third_party_individual,12,5,9,11,mobile_ios,,False,none,False,False,130,1,False,False,False,False,False,False,False,False,False,False,MEETS_STRONG,17,biometric,104,0,858,True,21,24.6,False,False,False,1.18,1.18,168.4,0.42,False
TX-V-000797,usr-V-0001,V,False,ALLOW,6452.55,6938.23,0.93,0.24,6452.55,14986.41,1,False,142,1,Remittance,business,14,0,1,11,mobile_android,Bakery bread and morning pandesal treat,True,legit,False,False,238,1,False,False,False,False,False,False,False,False,False,False,MEETS_STRONG,172,biometric,277,0,652,False,39,5.9,False,True,True,1.28,1.28,100.0,0.77,False
TX-V-000798,usr-V-0031,V,False,ALLOW,1828.17,5078.25,0.36,0.18,1828.17,4916.81,1,False,221,1,Bills Payment,registered_biller,17,6,3,6,mobile_ios,Fastfood breakfast drivethru share,True,legit,False,False,482,1,False,False,False,False,False,False,False,False,False,False,MEETS_STRONG,116,pin,456,0,265,False,38,16.2,False,False,False,2.19,2.19,83.3,1.58,False
TX-V-000799,usr-V-0008,V,False,ALLOW,164.95,916.37,0.18,0.11,164.95,324.74,2,True,2,1,Remittance,third_party_individual,16,1,1,5,mobile_ios,,False,none,False,False,643,1,False,False,False,False,False,False,False,False,False,False,MEETS_DEVICE,151,biometric,568,0,1086,False,44,17.5,False,False,False,2.1,2.1,136.1,0.93,False
TX-V-000800,usr-V-0032,V,False,ALLOW,422.31,844.62,0.5,0.11,422.31,1061.1,2,True,2,1,Funds Transfer,business,8,1,8,3,mobile_android,,False,none,False,False,286,1,False,False,False,False,False,False,True,False,False,False,MEETS_STRONG,129,pin,47,0,1813,False,34,9.5,False,False,False,1.57,1.57,69.9,1.35,False
